Mohanad#0,0
Mohanad#1,1
Mohanad#2,2
Mohanad#3,3
Mohanad#4,4
Mohanad#5,5
Mohanad#6,6
Mohanad#7,7
Mohanad#8,8
Mohanad#9,9
Mohanad#10,10
Mohanad#11,11
Mohanad#12,12
Mohanad#13,13
Mohanad#14,14
Mohanad#15,15
Mohanad#16,16
Mohanad#17,17
Mohanad#18,18
Mohanad#19,19
Mohanad#20,20
Mohanad#21,21
Mohanad#22,22
Mohanad#23,23
Mohanad#24,24
Mohanad#25,25
Mohanad#26,26
Mohanad#27,27
Mohanad#28,28
Mohanad#29,29
Mohanad#30,30
Mohanad#31,31
Mohanad#32,32
Mohanad#33,33
Mohanad#34,34
Mohanad#35,35
Mohanad#36,36
Mohanad#37,37
Mohanad#38,38
Mohanad#39,39
Mohanad#40,40
Mohanad#41,41
Mohanad#42,42
Mohanad#43,43
Mohanad#44,44
Mohanad#45,45
Mohanad#46,46
Mohanad#47,47
Mohanad#48,48
Mohanad#49,49
Mohanad#50,50
Mohanad#51,51
Mohanad#52,52
Mohanad#53,53
Mohanad#54,54
Mohanad#55,55
Mohanad#56,56
Mohanad#57,57
Mohanad#58,58
Mohanad#59,59
Mohanad#60,60
Mohanad#61,61
Mohanad#62,62
Mohanad#63,63
Mohanad#64,64
Mohanad#65,65
Mohanad#66,66
Mohanad#67,67
Mohanad#68,68
Mohanad#69,69
Mohanad#71,71
Mohanad#72,72
Mohanad#73,73
Mohanad#74,74
Mohanad#75,75
Mohanad#76,76
Mohanad#77,77
Mohanad#78,78
Mohanad#79,79
Mohanad#80,80
Mohanad#81,81
Mohanad#82,82
Mohanad#83,83
Mohanad#84,84
Mohanad#85,85
Mohanad#86,86
Mohanad#87,87
Mohanad#88,88
Mohanad#89,89
Mohanad#90,90
Mohanad#91,91
Mohanad#92,92
Mohanad#93,93
Mohanad#94,94
Mohanad#95,95
Mohanad#96,96
Mohanad#97,97
Mohanad#98,98
Mohanad#99,99
Mohanad#100,100
Mohanad#101,101
Mohanad#102,102
Mohanad#103,103
Mohanad#104,104
Mohanad#105,105
Mohanad#106,106
Mohanad#107,107
Mohanad#108,108
Mohanad#109,109
Mohanad#110,110
Mohanad#111,111
Mohanad#112,112
Mohanad#113,113
Mohanad#114,114
Mohanad#115,115
Mohanad#116,116
Mohanad#117,117
Mohanad#118,118
Mohanad#119,119
Mohanad#120,120
Mohanad#121,121
Mohanad#122,122
Mohanad#123,123
Mohanad#124,124
Mohanad#125,125
Mohanad#126,126
Mohanad#127,127
Mohanad#128,128
Mohanad#129,129
Mohanad#130,130
Mohanad#131,131
Mohanad#132,132
Mohanad#133,133
Mohanad#134,134
Mohanad#135,135
Mohanad#136,136
Mohanad#137,137
Mohanad#138,138
Mohanad#139,139
Mohanad#140,140
Mohanad#141,141
Mohanad#142,142
Mohanad#143,143
Mohanad#144,144
Mohanad#145,145
Mohanad#146,146
Mohanad#147,147
Mohanad#148,148
Mohanad#149,149
Mohanad#150,150
