mohanad#100,100
mohanad#200,200
mohanad#300,300
mohanad#400,400
mohanad#500,500
mohanad#600,600
mohanad#700,700
mohanad#800,800
mohanad#900,900
mohanad#1000,1000
mohanad#100,100
mohanad#200,200
mohanad#300,300
mohanad#400,400
mohanad#500,500
mohanad#600,600
mohanad#700,700
mohanad#800,800
mohanad#900,900
mohanad#1000,1000
mohanad#1100,1100
mohanad#1200,1200
mohanad#1300,1300
mohanad#1400,1400
mohanad#1500,1500
mohanad#1600,1600
mohanad#1700,1700
mohanad#1800,1800
mohanad#1900,1900
mohanad#2000,2000
mohanad#2100,2100
mohanad#2200,2200
mohanad#2300,2300
mohanad#2400,2400
mohanad#2500,2500
mohanad#2600,2600
mohanad#2700,2700
mohanad#2800,2800
mohanad#2900,2900
mohanad#3000,3000
mohanad#3100,3100
mohanad#3200,3200
mohanad#3300,3300
mohanad#3400,3400
mohanad#3500,3500
mohanad#3600,3600
mohanad#3700,3700
mohanad#3800,3800
mohanad#3900,3900
mohanad#4000,4000
mohanad#4100,4100
mohanad#4200,4200
mohanad#4300,4300
mohanad#4400,4400
mohanad#4500,4500
mohanad#4600,4600
mohanad#4700,4700
mohanad#4800,4800
mohanad#4900,4900
mohanad#5000,5000
mohanad#5100,5100
mohanad#5200,5200
mohanad#5300,5300
mohanad#5400,5400
mohanad#5500,5500
mohanad#5600,5600
mohanad#5700,5700
mohanad#5800,5800
mohanad#5900,5900
mohanad#6000,6000
mohanad#6100,6100
mohanad#6200,6200
mohanad#6300,6300
mohanad#6400,6400
mohanad#6500,6500
mohanad#6600,6600
mohanad#6700,6700
mohanad#6800,6800
mohanad#6900,6900
mohanad#7000,7000
mohanad#7100,7100
mohanad#7200,7200
mohanad#7300,7300
mohanad#7400,7400
mohanad#7500,7500
mohanad#7600,7600
mohanad#7700,7700
mohanad#7800,7800
mohanad#7900,7900
mohanad#8000,8000
mohanad#8100,8100
mohanad#8200,8200
mohanad#8300,8300
mohanad#8400,8400
mohanad#8500,8500
mohanad#8600,8600
mohanad#8700,8700
mohanad#8800,8800
mohanad#8900,8900
mohanad#9000,9000
mohanad#9100,9100
mohanad#9200,9200
mohanad#9300,9300
mohanad#9400,9400
mohanad#9500,9500
mohanad#9600,9600
mohanad#9700,9700
mohanad#9800,9800
mohanad#9900,9900
mohanad#10000,10000
mohanad#100,100
mohanad#200,200
mohanad#300,300
mohanad#400,400
mohanad#500,500
mohanad#600,600
mohanad#700,700
mohanad#800,800
mohanad#900,900
mohanad#1000,1000
mohanad#1100,1100
mohanad#1200,1200
mohanad#1300,1300
mohanad#1400,1400
mohanad#1500,1500
mohanad#1600,1600
mohanad#1700,1700
mohanad#1800,1800
mohanad#1900,1900
mohanad#2000,2000
mohanad#2100,2100
mohanad#2200,2200
mohanad#2300,2300
mohanad#2400,2400
mohanad#2500,2500
mohanad#2600,2600
mohanad#2700,2700
mohanad#2800,2800
mohanad#2900,2900
mohanad#3000,3000
mohanad#3100,3100
mohanad#3200,3200
mohanad#3300,3300
mohanad#3400,3400
mohanad#3500,3500
mohanad#3600,3600
mohanad#3700,3700
mohanad#3800,3800
mohanad#3900,3900
mohanad#4000,4000
