0,order#0,dummy description
1,order#1,dummy description
2,order#2,dummy description
3,order#3,dummy description
4,order#4,dummy description
5,order#5,dummy description
6,order#6,dummy description
7,order#7,dummy description
8,order#8,dummy description
9,order#9,dummy description
10,order#10,dummy description
11,order#11,dummy description
12,order#12,dummy description
13,order#13,dummy description
14,order#14,dummy description
15,order#15,dummy description
16,order#16,dummy description
17,order#17,dummy description
18,order#18,dummy description
19,order#19,dummy description
20,order#20,dummy description
21,order#21,dummy description
22,order#22,dummy description
23,order#23,dummy description
24,order#24,dummy description
25,order#25,dummy description
26,order#26,dummy description
27,order#27,dummy description
28,order#28,dummy description
29,order#29,dummy description
30,order#30,dummy description
31,order#31,dummy description
32,order#32,dummy description
33,order#33,dummy description
34,order#34,dummy description
35,order#35,dummy description
36,order#36,dummy description
37,order#37,dummy description
38,order#38,dummy description
39,order#39,dummy description
40,order#40,dummy description
41,order#41,dummy description
42,order#42,dummy description
43,order#43,dummy description
44,order#44,dummy description
45,order#45,dummy description
46,order#46,dummy description
47,order#47,dummy description
48,order#48,dummy description
49,order#49,dummy description
50,order#50,dummy description
51,order#51,dummy description
52,order#52,dummy description
53,order#53,dummy description
54,order#54,dummy description
55,order#55,dummy description
56,order#56,dummy description
57,order#57,dummy description
58,order#58,dummy description
59,order#59,dummy description
60,order#60,dummy description
61,order#61,dummy description
62,order#62,dummy description
63,order#63,dummy description
64,order#64,dummy description
65,order#65,dummy description
66,order#66,dummy description
67,order#67,dummy description
68,order#68,dummy description
69,order#69,dummy description
70,order#70,dummy description
71,order#71,dummy description
72,order#72,dummy description
73,order#73,dummy description
74,order#74,dummy description
75,order#75,dummy description
76,order#76,dummy description
77,order#77,dummy description
78,order#78,dummy description
79,order#79,dummy description
80,order#80,dummy description
81,order#81,dummy description
82,order#82,dummy description
83,order#83,dummy description
84,order#84,dummy description
85,order#85,dummy description
86,order#86,dummy description
87,order#87,dummy description
88,order#88,dummy description
89,order#89,dummy description
90,order#90,dummy description
91,order#91,dummy description
92,order#92,dummy description
93,order#93,dummy description
94,order#94,dummy description
95,order#95,dummy description
96,order#96,dummy description
97,order#97,dummy description
98,order#98,dummy description
99,order#99,dummy description
100,order#100,dummy description
101,order#101,dummy description
102,order#102,dummy description
103,order#103,dummy description
104,order#104,dummy description
105,order#105,dummy description
106,order#106,dummy description
107,order#107,dummy description
108,order#108,dummy description
109,order#109,dummy description
110,order#110,dummy description
111,order#111,dummy description
112,order#112,dummy description
113,order#113,dummy description
114,order#114,dummy description
115,order#115,dummy description
116,order#116,dummy description
117,order#117,dummy description
118,order#118,dummy description
119,order#119,dummy description
120,order#120,dummy description
121,order#121,dummy description
122,order#122,dummy description
123,order#123,dummy description
124,order#124,dummy description
125,order#125,dummy description
126,order#126,dummy description
127,order#127,dummy description
128,order#128,dummy description
129,order#129,dummy description
130,order#130,dummy description
131,order#131,dummy description
132,order#132,dummy description
133,order#133,dummy description
134,order#134,dummy description
135,order#135,dummy description
136,order#136,dummy description
137,order#137,dummy description
138,order#138,dummy description
139,order#139,dummy description
140,order#140,dummy description
141,order#141,dummy description
142,order#142,dummy description
143,order#143,dummy description
144,order#144,dummy description
145,order#145,dummy description
146,order#146,dummy description
147,order#147,dummy description
148,order#148,dummy description
149,order#149,dummy description
150,order#150,dummy description
151,order#151,dummy description
152,order#152,dummy description
153,order#153,dummy description
154,order#154,dummy description
155,order#155,dummy description
156,order#156,dummy description
157,order#157,dummy description
158,order#158,dummy description
159,order#159,dummy description
160,order#160,dummy description
161,order#161,dummy description
162,order#162,dummy description
163,order#163,dummy description
164,order#164,dummy description
165,order#165,dummy description
166,order#166,dummy description
167,order#167,dummy description
168,order#168,dummy description
169,order#169,dummy description
170,order#170,dummy description
171,order#171,dummy description
172,order#172,dummy description
173,order#173,dummy description
174,order#174,dummy description
175,order#175,dummy description
176,order#176,dummy description
177,order#177,dummy description
178,order#178,dummy description
179,order#179,dummy description
180,order#180,dummy description
181,order#181,dummy description
182,order#182,dummy description
183,order#183,dummy description
184,order#184,dummy description
185,order#185,dummy description
186,order#186,dummy description
187,order#187,dummy description
188,order#188,dummy description
189,order#189,dummy description
190,order#190,dummy description
191,order#191,dummy description
192,order#192,dummy description
193,order#193,dummy description
194,order#194,dummy description
195,order#195,dummy description
196,order#196,dummy description
197,order#197,dummy description
198,order#198,dummy description
199,order#199,dummy description
0,order#0,dummy description
1,order#1,dummy description
2,order#2,dummy description
3,order#3,dummy description
4,order#4,dummy description
5,order#5,dummy description
6,order#6,dummy description
7,order#7,dummy description
8,order#8,dummy description
9,order#9,dummy description
10,order#10,dummy description
11,order#11,dummy description
12,order#12,dummy description
13,order#13,dummy description
14,order#14,dummy description
15,order#15,dummy description
16,order#16,dummy description
17,order#17,dummy description
18,order#18,dummy description
19,order#19,dummy description
20,order#20,dummy description
21,order#21,dummy description
22,order#22,dummy description
23,order#23,dummy description
24,order#24,dummy description
25,order#25,dummy description
26,order#26,dummy description
27,order#27,dummy description
28,order#28,dummy description
29,order#29,dummy description
30,order#30,dummy description
31,order#31,dummy description
32,order#32,dummy description
33,order#33,dummy description
34,order#34,dummy description
35,order#35,dummy description
36,order#36,dummy description
37,order#37,dummy description
38,order#38,dummy description
39,order#39,dummy description
40,order#40,dummy description
41,order#41,dummy description
42,order#42,dummy description
43,order#43,dummy description
44,order#44,dummy description
45,order#45,dummy description
46,order#46,dummy description
47,order#47,dummy description
48,order#48,dummy description
49,order#49,dummy description
50,order#50,dummy description
51,order#51,dummy description
52,order#52,dummy description
53,order#53,dummy description
54,order#54,dummy description
55,order#55,dummy description
56,order#56,dummy description
57,order#57,dummy description
58,order#58,dummy description
59,order#59,dummy description
60,order#60,dummy description
61,order#61,dummy description
62,order#62,dummy description
63,order#63,dummy description
64,order#64,dummy description
65,order#65,dummy description
66,order#66,dummy description
67,order#67,dummy description
68,order#68,dummy description
69,order#69,dummy description
70,order#70,dummy description
71,order#71,dummy description
72,order#72,dummy description
73,order#73,dummy description
74,order#74,dummy description
75,order#75,dummy description
76,order#76,dummy description
77,order#77,dummy description
78,order#78,dummy description
79,order#79,dummy description
80,order#80,dummy description
81,order#81,dummy description
82,order#82,dummy description
83,order#83,dummy description
84,order#84,dummy description
85,order#85,dummy description
86,order#86,dummy description
87,order#87,dummy description
88,order#88,dummy description
89,order#89,dummy description
90,order#90,dummy description
91,order#91,dummy description
92,order#92,dummy description
93,order#93,dummy description
94,order#94,dummy description
95,order#95,dummy description
96,order#96,dummy description
97,order#97,dummy description
98,order#98,dummy description
99,order#99,dummy description
100,order#100,dummy description
101,order#101,dummy description
102,order#102,dummy description
103,order#103,dummy description
104,order#104,dummy description
105,order#105,dummy description
106,order#106,dummy description
107,order#107,dummy description
108,order#108,dummy description
109,order#109,dummy description
110,order#110,dummy description
111,order#111,dummy description
112,order#112,dummy description
113,order#113,dummy description
114,order#114,dummy description
115,order#115,dummy description
116,order#116,dummy description
117,order#117,dummy description
118,order#118,dummy description
119,order#119,dummy description
120,order#120,dummy description
121,order#121,dummy description
122,order#122,dummy description
123,order#123,dummy description
124,order#124,dummy description
125,order#125,dummy description
126,order#126,dummy description
127,order#127,dummy description
128,order#128,dummy description
129,order#129,dummy description
130,order#130,dummy description
131,order#131,dummy description
132,order#132,dummy description
133,order#133,dummy description
134,order#134,dummy description
135,order#135,dummy description
136,order#136,dummy description
137,order#137,dummy description
138,order#138,dummy description
139,order#139,dummy description
140,order#140,dummy description
141,order#141,dummy description
142,order#142,dummy description
143,order#143,dummy description
144,order#144,dummy description
145,order#145,dummy description
146,order#146,dummy description
147,order#147,dummy description
148,order#148,dummy description
149,order#149,dummy description
150,order#150,dummy description
151,order#151,dummy description
152,order#152,dummy description
153,order#153,dummy description
154,order#154,dummy description
155,order#155,dummy description
156,order#156,dummy description
157,order#157,dummy description
158,order#158,dummy description
159,order#159,dummy description
160,order#160,dummy description
161,order#161,dummy description
162,order#162,dummy description
163,order#163,dummy description
164,order#164,dummy description
165,order#165,dummy description
166,order#166,dummy description
167,order#167,dummy description
168,order#168,dummy description
169,order#169,dummy description
170,order#170,dummy description
171,order#171,dummy description
172,order#172,dummy description
173,order#173,dummy description
174,order#174,dummy description
175,order#175,dummy description
176,order#176,dummy description
177,order#177,dummy description
178,order#178,dummy description
179,order#179,dummy description
180,order#180,dummy description
181,order#181,dummy description
182,order#182,dummy description
183,order#183,dummy description
184,order#184,dummy description
185,order#185,dummy description
186,order#186,dummy description
187,order#187,dummy description
188,order#188,dummy description
189,order#189,dummy description
190,order#190,dummy description
191,order#191,dummy description
192,order#192,dummy description
193,order#193,dummy description
194,order#194,dummy description
195,order#195,dummy description
196,order#196,dummy description
197,order#197,dummy description
198,order#198,dummy description
199,order#199,dummy description
500,order#500,dummy description
501,order#501,dummy description
502,order#502,dummy description
503,order#503,dummy description
504,order#504,dummy description
505,order#505,dummy description
506,order#506,dummy description
507,order#507,dummy description
508,order#508,dummy description
509,order#509,dummy description
510,order#510,dummy description
511,order#511,dummy description
512,order#512,dummy description
513,order#513,dummy description
514,order#514,dummy description
515,order#515,dummy description
516,order#516,dummy description
517,order#517,dummy description
518,order#518,dummy description
519,order#519,dummy description
520,order#520,dummy description
521,order#521,dummy description
522,order#522,dummy description
523,order#523,dummy description
524,order#524,dummy description
525,order#525,dummy description
526,order#526,dummy description
527,order#527,dummy description
528,order#528,dummy description
529,order#529,dummy description
530,order#530,dummy description
531,order#531,dummy description
532,order#532,dummy description
533,order#533,dummy description
534,order#534,dummy description
535,order#535,dummy description
536,order#536,dummy description
537,order#537,dummy description
538,order#538,dummy description
539,order#539,dummy description
540,order#540,dummy description
541,order#541,dummy description
542,order#542,dummy description
543,order#543,dummy description
544,order#544,dummy description
545,order#545,dummy description
546,order#546,dummy description
547,order#547,dummy description
548,order#548,dummy description
549,order#549,dummy description
550,order#550,dummy description
551,order#551,dummy description
552,order#552,dummy description
553,order#553,dummy description
554,order#554,dummy description
555,order#555,dummy description
556,order#556,dummy description
557,order#557,dummy description
558,order#558,dummy description
559,order#559,dummy description
560,order#560,dummy description
561,order#561,dummy description
562,order#562,dummy description
563,order#563,dummy description
564,order#564,dummy description
565,order#565,dummy description
566,order#566,dummy description
567,order#567,dummy description
568,order#568,dummy description
569,order#569,dummy description
570,order#570,dummy description
571,order#571,dummy description
572,order#572,dummy description
573,order#573,dummy description
574,order#574,dummy description
575,order#575,dummy description
576,order#576,dummy description
577,order#577,dummy description
578,order#578,dummy description
579,order#579,dummy description
580,order#580,dummy description
581,order#581,dummy description
582,order#582,dummy description
583,order#583,dummy description
584,order#584,dummy description
585,order#585,dummy description
586,order#586,dummy description
587,order#587,dummy description
588,order#588,dummy description
589,order#589,dummy description
590,order#590,dummy description
591,order#591,dummy description
592,order#592,dummy description
593,order#593,dummy description
594,order#594,dummy description
595,order#595,dummy description
596,order#596,dummy description
597,order#597,dummy description
598,order#598,dummy description
599,order#599,dummy description
600,order#600,dummy description
601,order#601,dummy description
602,order#602,dummy description
603,order#603,dummy description
604,order#604,dummy description
605,order#605,dummy description
606,order#606,dummy description
607,order#607,dummy description
608,order#608,dummy description
609,order#609,dummy description
610,order#610,dummy description
611,order#611,dummy description
612,order#612,dummy description
613,order#613,dummy description
614,order#614,dummy description
615,order#615,dummy description
616,order#616,dummy description
617,order#617,dummy description
618,order#618,dummy description
619,order#619,dummy description
620,order#620,dummy description
621,order#621,dummy description
622,order#622,dummy description
623,order#623,dummy description
624,order#624,dummy description
625,order#625,dummy description
626,order#626,dummy description
627,order#627,dummy description
628,order#628,dummy description
629,order#629,dummy description
630,order#630,dummy description
631,order#631,dummy description
632,order#632,dummy description
633,order#633,dummy description
634,order#634,dummy description
635,order#635,dummy description
636,order#636,dummy description
637,order#637,dummy description
638,order#638,dummy description
639,order#639,dummy description
640,order#640,dummy description
641,order#641,dummy description
642,order#642,dummy description
643,order#643,dummy description
644,order#644,dummy description
645,order#645,dummy description
646,order#646,dummy description
647,order#647,dummy description
648,order#648,dummy description
649,order#649,dummy description
650,order#650,dummy description
651,order#651,dummy description
652,order#652,dummy description
653,order#653,dummy description
654,order#654,dummy description
655,order#655,dummy description
656,order#656,dummy description
657,order#657,dummy description
658,order#658,dummy description
659,order#659,dummy description
660,order#660,dummy description
661,order#661,dummy description
662,order#662,dummy description
663,order#663,dummy description
664,order#664,dummy description
665,order#665,dummy description
666,order#666,dummy description
667,order#667,dummy description
668,order#668,dummy description
669,order#669,dummy description
670,order#670,dummy description
671,order#671,dummy description
672,order#672,dummy description
673,order#673,dummy description
674,order#674,dummy description
675,order#675,dummy description
676,order#676,dummy description
677,order#677,dummy description
678,order#678,dummy description
679,order#679,dummy description
680,order#680,dummy description
681,order#681,dummy description
682,order#682,dummy description
683,order#683,dummy description
684,order#684,dummy description
685,order#685,dummy description
686,order#686,dummy description
687,order#687,dummy description
688,order#688,dummy description
689,order#689,dummy description
690,order#690,dummy description
691,order#691,dummy description
692,order#692,dummy description
693,order#693,dummy description
694,order#694,dummy description
695,order#695,dummy description
696,order#696,dummy description
697,order#697,dummy description
698,order#698,dummy description
699,order#699,dummy description
500,order#500,dummy description
501,order#501,dummy description
502,order#502,dummy description
503,order#503,dummy description
504,order#504,dummy description
505,order#505,dummy description
506,order#506,dummy description
507,order#507,dummy description
508,order#508,dummy description
509,order#509,dummy description
510,order#510,dummy description
511,order#511,dummy description
512,order#512,dummy description
513,order#513,dummy description
514,order#514,dummy description
515,order#515,dummy description
516,order#516,dummy description
517,order#517,dummy description
518,order#518,dummy description
519,order#519,dummy description
520,order#520,dummy description
521,order#521,dummy description
522,order#522,dummy description
523,order#523,dummy description
524,order#524,dummy description
525,order#525,dummy description
526,order#526,dummy description
527,order#527,dummy description
528,order#528,dummy description
529,order#529,dummy description
530,order#530,dummy description
531,order#531,dummy description
532,order#532,dummy description
533,order#533,dummy description
534,order#534,dummy description
535,order#535,dummy description
536,order#536,dummy description
537,order#537,dummy description
538,order#538,dummy description
539,order#539,dummy description
540,order#540,dummy description
541,order#541,dummy description
542,order#542,dummy description
543,order#543,dummy description
544,order#544,dummy description
545,order#545,dummy description
546,order#546,dummy description
547,order#547,dummy description
548,order#548,dummy description
549,order#549,dummy description
550,order#550,dummy description
551,order#551,dummy description
552,order#552,dummy description
553,order#553,dummy description
554,order#554,dummy description
555,order#555,dummy description
556,order#556,dummy description
557,order#557,dummy description
558,order#558,dummy description
559,order#559,dummy description
560,order#560,dummy description
561,order#561,dummy description
562,order#562,dummy description
563,order#563,dummy description
564,order#564,dummy description
565,order#565,dummy description
566,order#566,dummy description
567,order#567,dummy description
568,order#568,dummy description
569,order#569,dummy description
570,order#570,dummy description
571,order#571,dummy description
572,order#572,dummy description
573,order#573,dummy description
574,order#574,dummy description
575,order#575,dummy description
576,order#576,dummy description
577,order#577,dummy description
578,order#578,dummy description
579,order#579,dummy description
580,order#580,dummy description
581,order#581,dummy description
582,order#582,dummy description
583,order#583,dummy description
584,order#584,dummy description
585,order#585,dummy description
586,order#586,dummy description
587,order#587,dummy description
588,order#588,dummy description
589,order#589,dummy description
590,order#590,dummy description
591,order#591,dummy description
592,order#592,dummy description
593,order#593,dummy description
594,order#594,dummy description
595,order#595,dummy description
596,order#596,dummy description
597,order#597,dummy description
598,order#598,dummy description
599,order#599,dummy description
600,order#600,dummy description
601,order#601,dummy description
602,order#602,dummy description
603,order#603,dummy description
604,order#604,dummy description
605,order#605,dummy description
606,order#606,dummy description
607,order#607,dummy description
608,order#608,dummy description
609,order#609,dummy description
610,order#610,dummy description
611,order#611,dummy description
612,order#612,dummy description
613,order#613,dummy description
614,order#614,dummy description
615,order#615,dummy description
616,order#616,dummy description
617,order#617,dummy description
618,order#618,dummy description
619,order#619,dummy description
620,order#620,dummy description
621,order#621,dummy description
622,order#622,dummy description
623,order#623,dummy description
624,order#624,dummy description
625,order#625,dummy description
626,order#626,dummy description
627,order#627,dummy description
628,order#628,dummy description
629,order#629,dummy description
630,order#630,dummy description
631,order#631,dummy description
632,order#632,dummy description
633,order#633,dummy description
634,order#634,dummy description
635,order#635,dummy description
636,order#636,dummy description
637,order#637,dummy description
638,order#638,dummy description
639,order#639,dummy description
640,order#640,dummy description
641,order#641,dummy description
642,order#642,dummy description
643,order#643,dummy description
644,order#644,dummy description
645,order#645,dummy description
646,order#646,dummy description
647,order#647,dummy description
648,order#648,dummy description
649,order#649,dummy description
650,order#650,dummy description
651,order#651,dummy description
652,order#652,dummy description
653,order#653,dummy description
654,order#654,dummy description
655,order#655,dummy description
656,order#656,dummy description
657,order#657,dummy description
658,order#658,dummy description
659,order#659,dummy description
660,order#660,dummy description
661,order#661,dummy description
662,order#662,dummy description
663,order#663,dummy description
664,order#664,dummy description
665,order#665,dummy description
666,order#666,dummy description
667,order#667,dummy description
668,order#668,dummy description
669,order#669,dummy description
670,order#670,dummy description
671,order#671,dummy description
672,order#672,dummy description
673,order#673,dummy description
674,order#674,dummy description
675,order#675,dummy description
676,order#676,dummy description
677,order#677,dummy description
678,order#678,dummy description
679,order#679,dummy description
680,order#680,dummy description
681,order#681,dummy description
682,order#682,dummy description
683,order#683,dummy description
684,order#684,dummy description
685,order#685,dummy description
686,order#686,dummy description
687,order#687,dummy description
688,order#688,dummy description
689,order#689,dummy description
690,order#690,dummy description
691,order#691,dummy description
692,order#692,dummy description
693,order#693,dummy description
694,order#694,dummy description
695,order#695,dummy description
696,order#696,dummy description
697,order#697,dummy description
698,order#698,dummy description
699,order#699,dummy description
1,order 1,Sample description
2,order 2,Sample description
3,order 3,Sample description
4,order 4,Sample description
5,order 5,Sample description
6,order 6,Sample description
7,order 7,Sample description
8,order 8,Sample description
9,order 9,Sample description
10,order 10,Sample description
11,order 11,Sample description
12,order 12,Sample description
13,order 13,Sample description
14,order 14,Sample description
15,order 15,Sample description
16,order 16,Sample description
17,order 17,Sample description
18,order 18,Sample description
19,order 19,Sample description
20,order 20,Sample description
21,order 21,Sample description
22,order 22,Sample description
23,order 23,Sample description
24,order 24,Sample description
25,order 25,Sample description
26,order 26,Sample description
27,order 27,Sample description
28,order 28,Sample description
29,order 29,Sample description
30,order 30,Sample description
31,order 31,Sample description
32,order 32,Sample description
33,order 33,Sample description
34,order 34,Sample description
35,order 35,Sample description
36,order 36,Sample description
37,order 37,Sample description
38,order 38,Sample description
39,order 39,Sample description
40,order 40,Sample description
41,order 41,Sample description
42,order 42,Sample description
43,order 43,Sample description
44,order 44,Sample description
45,order 45,Sample description
46,order 46,Sample description
47,order 47,Sample description
48,order 48,Sample description
49,order 49,Sample description
50,order 50,Sample description
51,order 51,Sample description
52,order 52,Sample description
53,order 53,Sample description
54,order 54,Sample description
55,order 55,Sample description
56,order 56,Sample description
57,order 57,Sample description
58,order 58,Sample description
59,order 59,Sample description
60,order 60,Sample description
61,order 61,Sample description
62,order 62,Sample description
63,order 63,Sample description
64,order 64,Sample description
65,order 65,Sample description
66,order 66,Sample description
67,order 67,Sample description
68,order 68,Sample description
69,order 69,Sample description
70,order 70,Sample description
72,order 2,Sample description
73,order 3,Sample description
74,order 4,Sample description
75,order 5,Sample description
76,order 6,Sample description
77,order 7,Sample description
78,order 8,Sample description
79,order 9,Sample description
80,order 10,Sample description
81,order 11,Sample description
82,order 12,Sample description
83,order 13,Sample description
84,order 14,Sample description
85,order 15,Sample description
86,order 16,Sample description
87,order 17,Sample description
88,order 18,Sample description
89,order 19,Sample description
90,order 20,Sample description
91,order 21,Sample description
92,order 22,Sample description
93,order 23,Sample description
94,order 24,Sample description
95,order 25,Sample description
96,order 26,Sample description
97,order 27,Sample description
98,order 28,Sample description
99,order 29,Sample description
100,order 30,Sample description
101,order 31,Sample description
102,order 32,Sample description
103,order 33,Sample description
104,order 34,Sample description
105,order 35,Sample description
106,order 36,Sample description
107,order 37,Sample description
108,order 38,Sample description
109,order 39,Sample description
110,order 40,Sample description
111,order 41,Sample description
112,order 42,Sample description
113,order 43,Sample description
114,order 44,Sample description
115,order 45,Sample description
116,order 46,Sample description
117,order 47,Sample description
118,order 48,Sample description
119,order 49,Sample description
120,order 50,Sample description
121,order 51,Sample description
122,order 52,Sample description
123,order 53,Sample description
124,order 54,Sample description
125,order 55,Sample description
126,order 56,Sample description
127,order 57,Sample description
128,order 58,Sample description
129,order 59,Sample description
130,order 60,Sample description
