Mohanad#100,100
Mohanad#200,200
Mohanad#300,300
Mohanad#400,400
Mohanad#500,500
Mohanad#600,600
Mohanad#700,700
Mohanad#800,800
Mohanad#900,900
Mohanad#1000,1000
Mohanad#1100,1100
Mohanad#1200,1200
Mohanad#1300,1300
Mohanad#1400,1400
Mohanad#1500,1500
Mohanad#1600,1600
Mohanad#1700,1700
Mohanad#1800,1800
Mohanad#1900,1900
Mohanad#2000,2000
Mohanad#2100,2100
Mohanad#2200,2200
Mohanad#2300,2300
Mohanad#2400,2400
Mohanad#2500,2500
Mohanad#2600,2600
Mohanad#2700,2700
Mohanad#2800,2800
Mohanad#2900,2900
Mohanad#3000,3000
Mohanad#3100,3100
Mohanad#3200,3200
Mohanad#3300,3300
Mohanad#3400,3400
Mohanad#3500,3500
Mohanad#3600,3600
Mohanad#3700,3700
Mohanad#3800,3800
Mohanad#3900,3900
Mohanad#4000,4000
Mohanad#4100,4100
Mohanad#4200,4200
Mohanad#4300,4300
Mohanad#4400,4400
Mohanad#4500,4500
Mohanad#4600,4600
Mohanad#4700,4700
Mohanad#4800,4800
Mohanad#4900,4900
Mohanad#5000,5000
Mohanad#5100,5100
Mohanad#5200,5200
Mohanad#5300,5300
Mohanad#5400,5400
Mohanad#5500,5500
Mohanad#5600,5600
Mohanad#5700,5700
Mohanad#5800,5800
Mohanad#5900,5900
Mohanad#6000,6000
Mohanad#6100,6100
Mohanad#6200,6200
Mohanad#6300,6300
Mohanad#6400,6400
Mohanad#6500,6500
Mohanad#6600,6600
Mohanad#6700,6700
Mohanad#6800,6800
Mohanad#6900,6900
Mohanad#7000,7000
Mohanad#7100,7100
Mohanad#7200,7200
Mohanad#7300,7300
Mohanad#7400,7400
Mohanad#7500,7500
Mohanad#7600,7600
Mohanad#7700,7700
Mohanad#7800,7800
Mohanad#7900,7900
Mohanad#8000,8000
Mohanad#8100,8100
Mohanad#8200,8200
Mohanad#8300,8300
Mohanad#8400,8400
Mohanad#8500,8500
Mohanad#8600,8600
Mohanad#8700,8700
Mohanad#8800,8800
Mohanad#8900,8900
Mohanad#9000,9000
Mohanad#9100,9100
Mohanad#9200,9200
Mohanad#9300,9300
Mohanad#9400,9400
Mohanad#9500,9500
Mohanad#9600,9600
Mohanad#9700,9700
Mohanad#9800,9800
Mohanad#9900,9900
Mohanad#10000,10000
